{
    "name": "root",
    "gauges": {
        "CobotAgent.Policy.Entropy.mean": {
            "value": 6.4420952796936035,
            "min": 6.4420952796936035,
            "max": 6.591500759124756,
            "count": 13
        },
        "CobotAgent.Policy.Entropy.sum": {
            "value": 32210.4765625,
            "min": 32210.4765625,
            "max": 32957.50390625,
            "count": 13
        },
        "CobotAgent.Environment.EpisodeLength.mean": {
            "value": 0.0,
            "min": 0.0,
            "max": 0.0,
            "count": 13
        },
        "CobotAgent.Environment.EpisodeLength.sum": {
            "value": 0.0,
            "min": 0.0,
            "max": 0.0,
            "count": 13
        },
        "CobotAgent.Step.mean": {
            "value": 64999.0,
            "min": 4999.0,
            "max": 64999.0,
            "count": 13
        },
        "CobotAgent.Step.sum": {
            "value": 64999.0,
            "min": 4999.0,
            "max": 64999.0,
            "count": 13
        },
        "CobotAgent.Policy.ExtrinsicValueEstimate.mean": {
            "value": 0.3503754734992981,
            "min": -0.015863118693232536,
            "max": 0.3503754734992981,
            "count": 13
        },
        "CobotAgent.Policy.ExtrinsicValueEstimate.sum": {
            "value": 1751.8773193359375,
            "min": -79.31558990478516,
            "max": 1751.8773193359375,
            "count": 13
        },
        "CobotAgent.Environment.CumulativeReward.mean": {
            "value": -0.007166706359386444,
            "min": -0.06837306488368673,
            "max": 0.0,
            "count": 13
        },
        "CobotAgent.Environment.CumulativeReward.sum": {
            "value": -35.83353179693222,
            "min": -341.79695135354996,
            "max": 0.0,
            "count": 13
        },
        "CobotAgent.Policy.ExtrinsicReward.mean": {
            "value": -0.007166706359386444,
            "min": -0.06837306488368673,
            "max": 0.0,
            "count": 13
        },
        "CobotAgent.Policy.ExtrinsicReward.sum": {
            "value": -35.83353179693222,
            "min": -341.79695135354996,
            "max": 0.0,
            "count": 13
        },
        "CobotAgent.IsTraining.mean": {
            "value": 1.0,
            "min": 1.0,
            "max": 1.0,
            "count": 13
        },
        "CobotAgent.IsTraining.sum": {
            "value": 1.0,
            "min": 1.0,
            "max": 1.0,
            "count": 13
        },
        "CobotAgent.Losses.PolicyLoss.mean": {
            "value": 0.02805428712454159,
            "min": 0.014344850634612764,
            "max": 0.02805428712454159,
            "count": 3
        },
        "CobotAgent.Losses.PolicyLoss.sum": {
            "value": 0.02805428712454159,
            "min": 0.014344850634612764,
            "max": 0.02805428712454159,
            "count": 3
        },
        "CobotAgent.Losses.ValueLoss.mean": {
            "value": 0.0005920283127731333,
            "min": 0.0005920283127731333,
            "max": 0.017139450771113236,
            "count": 3
        },
        "CobotAgent.Losses.ValueLoss.sum": {
            "value": 0.0005920283127731333,
            "min": 0.0005920283127731333,
            "max": 0.017139450771113236,
            "count": 3
        },
        "CobotAgent.Policy.LearningRate.mean": {
            "value": 0.0002981567106144299,
            "min": 0.0002981567106144299,
            "max": 0.0002993855702048099,
            "count": 3
        },
        "CobotAgent.Policy.LearningRate.sum": {
            "value": 0.0002981567106144299,
            "min": 0.0002981567106144299,
            "max": 0.0002993855702048099,
            "count": 3
        },
        "CobotAgent.Policy.Epsilon.mean": {
            "value": 0.10000000000000003,
            "min": 0.10000000000000003,
            "max": 0.10000000000000003,
            "count": 3
        },
        "CobotAgent.Policy.Epsilon.sum": {
            "value": 0.10000000000000003,
            "min": 0.10000000000000003,
            "max": 0.10000000000000003,
            "count": 3
        },
        "CobotAgent.Policy.Beta.mean": {
            "value": 0.009938618443,
            "min": 0.009938618443,
            "max": 0.009979539481000001,
            "count": 3
        },
        "CobotAgent.Policy.Beta.sum": {
            "value": 0.009938618443,
            "min": 0.009938618443,
            "max": 0.009979539481000001,
            "count": 3
        }
    },
    "metadata": {
        "timer_format_version": "0.1.0",
        "start_time_seconds": "1698070553",
        "python_version": "3.9.16 (main, Jan 11 2023, 16:16:36) [MSC v.1916 64 bit (AMD64)]",
        "command_line_arguments": "C:\\Users\\gonzalez.asier\\AppData\\Local\\miniconda3\\envs\\TFFRL\\Scripts\\mlagents-learn --run-id=segundaPruebaCobot trainer_config.yaml --force",
        "mlagents_version": "0.30.0",
        "mlagents_envs_version": "0.30.0",
        "communication_protocol_version": "1.5.0",
        "pytorch_version": "1.13.1+cu117",
        "numpy_version": "1.21.2",
        "end_time_seconds": "1698071646"
    },
    "total": 1093.2756293999998,
    "count": 1,
    "self": 0.003985899999634057,
    "children": {
        "run_training.setup": {
            "total": 0.0916876000000002,
            "count": 1,
            "self": 0.0916876000000002
        },
        "TrainerController.start_learning": {
            "total": 1093.1799559,
            "count": 1,
            "self": 2.142841500027089,
            "children": {
                "TrainerController._reset_env": {
                    "total": 15.077829699999999,
                    "count": 1,
                    "self": 15.077829699999999
                },
                "TrainerController.advance": {
                    "total": 1075.795990799973,
                    "count": 135290,
                    "self": 1.643896299957305,
                    "children": {
                        "env_step": {
                            "total": 848.5270858000076,
                            "count": 135290,
                            "self": 439.54021360004924,
                            "children": {
                                "SubprocessEnvManager._take_step": {
                                    "total": 407.88173479997783,
                                    "count": 135292,
                                    "self": 3.3118040999757454,
                                    "children": {
                                        "TorchPolicy.evaluate": {
                                            "total": 404.5699307000021,
                                            "count": 67943,
                                            "self": 404.5699307000021
                                        }
                                    }
                                },
                                "workers": {
                                    "total": 1.1051373999805492,
                                    "count": 135289,
                                    "self": 0.0,
                                    "children": {
                                        "worker_root": {
                                            "total": 1033.2665176999865,
                                            "count": 135289,
                                            "is_parallel": true,
                                            "self": 719.2845106000177,
                                            "children": {
                                                "steps_from_proto": {
                                                    "total": 0.0011358000000019075,
                                                    "count": 3,
                                                    "is_parallel": true,
                                                    "self": 0.0005754999999991739,