{
    "name": "root",
    "gauges": {
        "CobotAgent.Policy.Entropy.mean": {
            "value": 6.589317798614502,
            "min": 6.589306831359863,
            "max": 6.591553211212158,
            "count": 6
        },
        "CobotAgent.Policy.Entropy.sum": {
            "value": 32946.58984375,
            "min": 32946.53515625,
            "max": 32964.03125,
            "count": 6
        },
        "CobotAgent.Environment.EpisodeLength.mean": {
            "value": 0.0,
            "min": 0.0,
            "max": 0.0,
            "count": 6
        },
        "CobotAgent.Environment.EpisodeLength.sum": {
            "value": 0.0,
            "min": 0.0,
            "max": 0.0,
            "count": 6
        },
        "CobotAgent.Step.mean": {
            "value": 29999.0,
            "min": 4999.0,
            "max": 29999.0,
            "count": 6
        },
        "CobotAgent.Step.sum": {
            "value": 29999.0,
            "min": 4999.0,
            "max": 29999.0,
            "count": 6
        },
        "CobotAgent.Policy.ExtrinsicValueEstimate.mean": {
            "value": -0.1753728687763214,
            "min": -0.27851152420043945,
            "max": 0.12136571109294891,
            "count": 6
        },
        "CobotAgent.Policy.ExtrinsicValueEstimate.sum": {
            "value": -876.8643188476562,
            "min": -1392.5576171875,
            "max": 606.8285522460938,
            "count": 6
        },
        "CobotAgent.Environment.CumulativeReward.mean": {
            "value": -0.3551100202679634,
            "min": -0.8035206137895584,
            "max": -0.26408738984086794,
            "count": 6
        },
        "CobotAgent.Environment.CumulativeReward.sum": {
            "value": -1775.550101339817,
            "min": -4017.603068947792,
            "max": -1320.172861814499,
            "count": 6
        },
        "CobotAgent.Policy.ExtrinsicReward.mean": {
            "value": -0.3551100202679634,
            "min": -0.8035206137895584,
            "max": -0.26408738984086794,
            "count": 6
        },
        "CobotAgent.Policy.ExtrinsicReward.sum": {
            "value": -1775.550101339817,
            "min": -4017.603068947792,
            "max": -1320.172861814499,
            "count": 6
        },
        "CobotAgent.IsTraining.mean": {
            "value": 1.0,
            "min": 1.0,
            "max": 1.0,
            "count": 6
        },
        "CobotAgent.IsTraining.sum": {
            "value": 1.0,
            "min": 1.0,
            "max": 1.0,
            "count": 6
        },
        "CobotAgent.Losses.PolicyLoss.mean": {
            "value": 0.01440772272956868,
            "min": 0.01440772272956868,
            "max": 0.01440772272956868,
            "count": 1
        },
        "CobotAgent.Losses.PolicyLoss.sum": {
            "value": 0.01440772272956868,
            "min": 0.01440772272956868,
            "max": 0.01440772272956868,
            "count": 1
        },
        "CobotAgent.Losses.ValueLoss.mean": {
            "value": 2.88157897790273,
            "min": 2.88157897790273,
            "max": 2.88157897790273,
            "count": 1
        },
        "CobotAgent.Losses.ValueLoss.sum": {
            "value": 2.88157897790273,
            "min": 2.88157897790273,
            "max": 2.88157897790273,
            "count": 1
        },
        "CobotAgent.Policy.LearningRate.mean": {
            "value": 0.0002993855702048099,
            "min": 0.0002993855702048099,
            "max": 0.0002993855702048099,
            "count": 1
        },
        "CobotAgent.Policy.LearningRate.sum": {
            "value": 0.0002993855702048099,
            "min": 0.0002993855702048099,
            "max": 0.0002993855702048099,
            "count": 1
        },
        "CobotAgent.Policy.Epsilon.mean": {
            "value": 0.10000000000000003,
            "min": 0.10000000000000003,
            "max": 0.10000000000000003,
            "count": 1
        },
        "CobotAgent.Policy.Epsilon.sum": {
            "value": 0.10000000000000003,
            "min": 0.10000000000000003,
            "max": 0.10000000000000003,
            "count": 1
        },
        "CobotAgent.Policy.Beta.mean": {
            "value": 0.009979539481000001,
            "min": 0.009979539481000001,
            "max": 0.009979539481000001,
            "count": 1
        },
        "CobotAgent.Policy.Beta.sum": {
            "value": 0.009979539481000001,
            "min": 0.009979539481000001,
            "max": 0.009979539481000001,
            "count": 1
        }
    },
    "metadata": {
        "timer_format_version": "0.1.0",
        "start_time_seconds": "1698072533",
        "python_version": "3.9.16 (main, Jan 11 2023, 16:16:36) [MSC v.1916 64 bit (AMD64)]",
        "command_line_arguments": "C:\\Users\\gonzalez.asier\\AppData\\Local\\miniconda3\\envs\\TFFRL\\Scripts\\mlagents-learn --run-id=cuartaPruebaCobot trainer_config.yaml --force",
        "mlagents_version": "0.30.0",
        "mlagents_envs_version": "0.30.0",
        "communication_protocol_version": "1.5.0",
        "pytorch_version": "1.13.1+cu117",
        "numpy_version": "1.21.2",
        "end_time_seconds": "1698073125"
    },
    "total": 592.4512857,
    "count": 1,
    "self": 0.0037370000000009895,
    "children": {
        "run_training.setup": {
            "total": 0.05890430000000002,
            "count": 1,
            "self": 0.05890430000000002
        },
        "TrainerController.start_learning": {
            "total": 592.3886444,
            "count": 1,
            "self": 1.0601359000062303,
            "children": {
                "TrainerController._reset_env": {
                    "total": 9.269385,
                    "count": 1,
                    "self": 9.269385
                },
                "TrainerController.advance": {
                    "total": 581.9078507999936,
                    "count": 67554,
                    "self": 0.8046612999951321,
                    "children": {
                        "env_step": {
                            "total": 461.0215508999944,
                            "count": 67554,
                            "self": 266.42057890001223,
                            "children": {
                                "SubprocessEnvManager._take_step": {
                                    "total": 194.06684819998574,
                                    "count": 67555,
                                    "self": 1.6727137999932609,
                                    "children": {
                                        "TorchPolicy.evaluate": {
                                            "total": 192.39413439999248,
                                            "count": 33932,
                                            "self": 192.39413439999248
                                        }
                                    }
                                },
                                "workers": {
                                    "total": 0.5341237999964328,
                                    "count": 67553,
                                    "self": 0.0,
                                    "children": {
                                        "worker_root": {
                                            "total": 556.4403448999992,
                                            "count": 67553,
                                            "is_parallel": true,
                                            "self": 357.53568489998764,
                                            "children": {
                                                "steps_from_proto": {
                                                    "total": 0.0007627000000001161,
                                                    "count": 2,
                                                    "is_parallel": true,
                                                    "self": 0.0003998999999996755,